{"cameraMode":{"drawMode":0,"name":"Shaded","section":"Shading Mode"},"sceneLighting":true,"audioPlay":false,"sceneViewState":{"m_AlwaysRefresh":false,"showFog":true,"showSkybox":true,"showFlares":true,"showImageEffects":true,"showParticleSystems":true,"showVisualEffectGraphs":true,"m_FxEnabled":true},"in2DMode":false,"pivot":{"x":-35.613807678222659,"y":1.3449033498764039,"z":-17.89886474609375},"rotation":{"x":0.0007951484294608235,"y":0.9990166425704956,"z":-0.019792435690760614,"w":0.040153078734874728},"size":0.7168222665786743,"orthographic":false}