{"cameraMode":{"drawMode":0,"name":"Shaded","section":"Shading Mode"},"sceneLighting":true,"audioPlay":false,"sceneViewState":{"m_AlwaysRefresh":false,"showFog":true,"showSkybox":true,"showFlares":true,"showImageEffects":true,"showParticleSystems":true,"showVisualEffectGraphs":true,"m_FxEnabled":true},"in2DMode":false,"pivot":{"x":0.061452507972717288,"y":-0.16665995121002198,"z":0.04484003782272339},"rotation":{"x":0.012578927911818028,"y":-0.962081253528595,"z":0.04507053643465042,"w":0.2687745988368988},"size":0.7168222665786743,"orthographic":false}