{"cameraMode":{"drawMode":0,"name":"Shaded","section":"Shading Mode"},"sceneLighting":false,"audioPlay":false,"sceneViewState":{"m_AlwaysRefresh":false,"showFog":true,"showSkybox":false,"showFlares":true,"showImageEffects":true,"showParticleSystems":true,"showVisualEffectGraphs":true,"m_FxEnabled":true},"in2DMode":false,"pivot":{"x":0.2970176935195923,"y":-0.2765806019306183,"z":-0.029052257537841798},"rotation":{"x":0.020463915541768075,"y":-0.8744451403617859,"z":0.03701728582382202,"w":0.4833151400089264},"size":0.9877572655677795,"orthographic":false}